<?xml version="1.0" encoding="UTF-8"?>
<project-private xmlns="http://www.netbeans.org/ns/project-private/1">
    <editor-bookmarks xmlns="http://www.netbeans.org/ns/editor-bookmarks/2" lastBookmarkId="0"/>
    <open-files xmlns="http://www.netbeans.org/ns/projectui-open-files/2">
        <group>
            <file>file:/C:/wamp/www/adresar/add_contact.php</file>
            <file>file:/C:/wamp/www/adresar/register_action.php</file>
            <file>file:/C:/wamp/www/adresar/add_contact_action.php</file>
            <file>file:/C:/wamp/www/adresar/login_action.php</file>
            <file>file:/C:/wamp/www/adresar/index.php</file>
            <file>file:/C:/wamp/www/adresar/login.php</file>
            <file>file:/C:/wamp/www/adresar/logout.php</file>
            <file>file:/C:/wamp/www/adresar/register.php</file>
        </group>
    </open-files>
</project-private>
